[
  {
    "date": "1 May",
    "desc": "description 01 USA ebt02",
    "link": "link"
  },
  {
    "date": "2 May",
    "desc": "description 02 USA ebt02",
    "link": "link"
  },
  {
    "date": "3 May",
    "desc": "description 03 USA ebt02",
    "link": "link"
  },
  {
    "date": "4 May",
    "desc": "description 04 USA ebt02",
    "link": "link"
  },
  {
    "date": "5 May",
    "desc": "description 05 USA ebt02",
    "link": "link"
  },
  {
    "date": "6 May",
    "desc": "description 06 USA ebt02",
    "link": "link"
  }
]