[
  {
    "date": "1 May",
    "desc": "description 01 MEXICO ebt02",
    "link": "link"
  },
  {
    "date": "2 May",
    "desc": "description 02 MEXICO ebt02",
    "link": "link"
  },
  {
    "date": "3 May",
    "desc": "description 03 MEXICO ebt02",
    "link": "link"
  },
  {
    "date": "4 May",
    "desc": "description 04 MEXICO ebt02",
    "link": "link"
  },
  {
    "date": "5 May",
    "desc": "description 05 MEXICO ebt02",
    "link": "link"
  },
  {
    "date": "6 May",
    "desc": "description 06 MEXICO ebt02",
    "link": "link"
  },
  {
    "date": "7 May",
    "desc": "description 07 MEXICO ebt02",
    "link": "link"
  }
]