[
	{
		"fileName": "Chami",
		"arrivalTs": "Nov 26, 2017",
		"processing_startsTs": "2016-10-20 21:15:27",
		"processing_endTs": "2017-04-06 04:36:31",
		"processing_status": "completted",
		"numbers_of_errors": 10,
		"Numbers_of_records": 18
	},
	{
		"fileName": "Finale",
		"arrivalTs": "May 30, 2017",
		"processing_startsTs": "2016-08-24 21:30:51",
		"processing_endTs": "2016-08-29 12:06:50",
		"processing_status": "completted",
		"numbers_of_errors": 3,
		"Numbers_of_records": 9
	},
	{
		"fileName": "Sibelius",
		"arrivalTs": "Jun 10, 2017",
		"processing_startsTs": "2017-10-08 00:28:33",
		"processing_endTs": "2017-07-19 06:52:41",
		"processing_status": "Processing",
		"numbers_of_errors": 1,
		"Numbers_of_records": 13
	},
	{
		"fileName": "Google",
		"arrivalTs": "Dec 22, 2017",
		"processing_startsTs": "2017-12-06 22:08:54",
		"processing_endTs": "2016-05-25 10:52:59",
		"processing_status": "completted",
		"numbers_of_errors": 10,
		"Numbers_of_records": 2
	},
	{
		"fileName": "Microsoft",
		"arrivalTs": "Dec 12, 2017",
		"processing_startsTs": "2018-02-27 07:24:53",
		"processing_endTs": "2017-02-26 02:57:08",
		"processing_status": "Processing",
		"numbers_of_errors": 2,
		"Numbers_of_records": 17
	},
	{
		"fileName": "Adobe",
		"arrivalTs": "Feb 6, 2018",
		"processing_startsTs": "2017-08-23 22:41:22",
		"processing_endTs": "2016-07-31 03:06:16",
		"processing_status": "Starting",
		"numbers_of_errors": 4,
		"Numbers_of_records": 19
	},
	{
		"fileName": "Google",
		"arrivalTs": "Nov 8, 2017",
		"processing_startsTs": "2017-01-02 20:28:44",
		"processing_endTs": "2016-06-16 08:19:09",
		"processing_status": "completted",
		"numbers_of_errors": 9,
		"Numbers_of_records": 16
	},
	{
		"fileName": "Lycos",
		"arrivalTs": "Feb 20, 2018",
		"processing_startsTs": "2017-08-09 13:44:32",
		"processing_endTs": "2016-05-21 19:54:08",
		"processing_status": "Starting",
		"numbers_of_errors": 10,
		"Numbers_of_records": 10
	},
	{
		"fileName": "Sibelius",
		"arrivalTs": "Sep 1, 2017",
		"processing_startsTs": "2017-01-21 14:48:56",
		"processing_endTs": "2016-07-28 22:21:41",
		"processing_status": "Starting",
		"numbers_of_errors": 5,
		"Numbers_of_records": 2
	},
	{
		"fileName": "Borland",
		"arrivalTs": "Jan 15, 2018",
		"processing_startsTs": "2017-11-18 10:08:23",
		"processing_endTs": "2016-12-29 00:29:26",
		"processing_status": "Starting",
		"numbers_of_errors": 1,
		"Numbers_of_records": 10
	},
	{
		"fileName": "Apple Systems",
		"arrivalTs": "Nov 18, 2016",
		"processing_startsTs": "2017-03-26 06:27:01",
		"processing_endTs": "2017-01-20 08:51:48",
		"processing_status": "Processing",
		"numbers_of_errors": 6,
		"Numbers_of_records": 7
	},
	{
		"fileName": "Adobe",
		"arrivalTs": "Jul 14, 2016",
		"processing_startsTs": "2017-05-03 04:23:31",
		"processing_endTs": "2017-12-31 12:32:46",
		"processing_status": "Processing",
		"numbers_of_errors": 5,
		"Numbers_of_records": 14
	},
	{
		"fileName": "Adobe",
		"arrivalTs": "Oct 31, 2017",
		"processing_startsTs": "2017-03-27 19:03:09",
		"processing_endTs": "2018-02-22 16:50:52",
		"processing_status": "Processing",
		"numbers_of_errors": 8,
		"Numbers_of_records": 16
	},
	{
		"fileName": "Google",
		"arrivalTs": "Mar 19, 2018",
		"processing_startsTs": "2017-12-21 17:28:06",
		"processing_endTs": "2018-04-03 23:46:43",
		"processing_status": "completted",
		"numbers_of_errors": 2,
		"Numbers_of_records": 11
	},
	{
		"fileName": "Google",
		"arrivalTs": "Feb 19, 2018",
		"processing_startsTs": "2016-05-15 13:35:09",
		"processing_endTs": "2017-12-12 20:16:27",
		"processing_status": "Processing",
		"numbers_of_errors": 4,
		"Numbers_of_records": 18
	},
	{
		"fileName": "Lycos",
		"arrivalTs": "Apr 12, 2017",
		"processing_startsTs": "2017-09-11 13:21:48",
		"processing_endTs": "2017-04-30 20:32:34",
		"processing_status": "Starting",
		"numbers_of_errors": 2,
		"Numbers_of_records": 5
	},
	{
		"fileName": "Chami",
		"arrivalTs": "Sep 6, 2016",
		"processing_startsTs": "2016-07-09 04:26:41",
		"processing_endTs": "2017-12-14 01:29:13",
		"processing_status": "Starting",
		"numbers_of_errors": 4,
		"Numbers_of_records": 20
	},
	{
		"fileName": "Borland",
		"arrivalTs": "Apr 26, 2017",
		"processing_startsTs": "2017-08-23 16:36:43",
		"processing_endTs": "2016-07-23 02:35:51",
		"processing_status": "Starting",
		"numbers_of_errors": 1,
		"Numbers_of_records": 12
	},
	{
		"fileName": "Sibelius",
		"arrivalTs": "Nov 22, 2017",
		"processing_startsTs": "2016-10-27 09:58:25",
		"processing_endTs": "2017-10-19 01:32:22",
		"processing_status": "completted",
		"numbers_of_errors": 8,
		"Numbers_of_records": 17
	},
	{
		"fileName": "Sibelius",
		"arrivalTs": "Jul 26, 2016",
		"processing_startsTs": "2017-05-08 17:17:27",
		"processing_endTs": "2017-10-31 16:39:07",
		"processing_status": "Processing",
		"numbers_of_errors": 8,
		"Numbers_of_records": 14
	},
	{
		"fileName": "Altavista",
		"arrivalTs": "Jun 7, 2017",
		"processing_startsTs": "2016-10-02 07:17:20",
		"processing_endTs": "2018-02-24 07:23:09",
		"processing_status": "Processing",
		"numbers_of_errors": 9,
		"Numbers_of_records": 6
	},
	{
		"fileName": "Finale",
		"arrivalTs": "Jul 11, 2017",
		"processing_startsTs": "2016-05-17 08:28:26",
		"processing_endTs": "2016-08-23 13:10:46",
		"processing_status": "completted",
		"numbers_of_errors": 5,
		"Numbers_of_records": 1
	},
	{
		"fileName": "Cakewalk",
		"arrivalTs": "Dec 24, 2017",
		"processing_startsTs": "2016-11-26 01:41:57",
		"processing_endTs": "2017-08-22 14:52:49",
		"processing_status": "completted",
		"numbers_of_errors": 10,
		"Numbers_of_records": 12
	},
	{
		"fileName": "Apple Systems",
		"arrivalTs": "Jan 30, 2018",
		"processing_startsTs": "2017-11-09 00:20:14",
		"processing_endTs": "2016-11-15 10:57:00",
		"processing_status": "completted",
		"numbers_of_errors": 5,
		"Numbers_of_records": 10
	},
	{
		"fileName": "Chami",
		"arrivalTs": "Jan 12, 2018",
		"processing_startsTs": "2017-03-15 21:32:24",
		"processing_endTs": "2018-04-26 22:54:44",
		"processing_status": "Starting",
		"numbers_of_errors": 6,
		"Numbers_of_records": 12
	},
	{
		"fileName": "Apple Systems",
		"arrivalTs": "May 14, 2016",
		"processing_startsTs": "2016-12-24 13:25:10",
		"processing_endTs": "2017-12-10 18:24:18",
		"processing_status": "Processing",
		"numbers_of_errors": 10,
		"Numbers_of_records": 4
	},
	{
		"fileName": "Altavista",
		"arrivalTs": "May 12, 2016",
		"processing_startsTs": "2018-03-22 02:01:12",
		"processing_endTs": "2017-10-30 04:00:47",
		"processing_status": "Starting",
		"numbers_of_errors": 10,
		"Numbers_of_records": 9
	},
	{
		"fileName": "Adobe",
		"arrivalTs": "Nov 18, 2016",
		"processing_startsTs": "2017-01-27 15:22:51",
		"processing_endTs": "2016-05-23 17:24:29",
		"processing_status": "Starting",
		"numbers_of_errors": 10,
		"Numbers_of_records": 12
	},
	{
		"fileName": "Lycos",
		"arrivalTs": "Nov 25, 2016",
		"processing_startsTs": "2017-03-16 19:29:20",
		"processing_endTs": "2018-01-18 08:42:39",
		"processing_status": "Starting",
		"numbers_of_errors": 3,
		"Numbers_of_records": 16
	},
	{
		"fileName": "Microsoft",
		"arrivalTs": "Oct 19, 2017",
		"processing_startsTs": "2018-04-22 19:54:28",
		"processing_endTs": "2016-08-06 14:07:33",
		"processing_status": "Starting",
		"numbers_of_errors": 1,
		"Numbers_of_records": 12
	},
	{
		"fileName": "Borland",
		"arrivalTs": "Sep 24, 2017",
		"processing_startsTs": "2016-12-20 00:04:15",
		"processing_endTs": "2016-10-13 17:06:34",
		"processing_status": "completted",
		"numbers_of_errors": 7,
		"Numbers_of_records": 14
	},
	{
		"fileName": "Borland",
		"arrivalTs": "Jul 29, 2017",
		"processing_startsTs": "2017-05-24 11:25:15",
		"processing_endTs": "2017-02-16 11:11:41",
		"processing_status": "completted",
		"numbers_of_errors": 9,
		"Numbers_of_records": 1
	},
	{
		"fileName": "Microsoft",
		"arrivalTs": "Oct 27, 2017",
		"processing_startsTs": "2017-07-28 05:43:39",
		"processing_endTs": "2017-07-03 17:46:23",
		"processing_status": "Starting",
		"numbers_of_errors": 3,
		"Numbers_of_records": 13
	},
	{
		"fileName": "Yahoo",
		"arrivalTs": "Sep 7, 2016",
		"processing_startsTs": "2016-07-23 01:43:57",
		"processing_endTs": "2016-07-22 16:24:02",
		"processing_status": "Processing",
		"numbers_of_errors": 6,
		"Numbers_of_records": 12
	},
	{
		"fileName": "Borland",
		"arrivalTs": "Dec 20, 2016",
		"processing_startsTs": "2017-06-30 03:37:12",
		"processing_endTs": "2017-04-24 12:39:44",
		"processing_status": "Starting",
		"numbers_of_errors": 4,
		"Numbers_of_records": 19
	},
	{
		"fileName": "Google",
		"arrivalTs": "Dec 18, 2017",
		"processing_startsTs": "2016-10-10 21:28:22",
		"processing_endTs": "2018-01-23 07:54:34",
		"processing_status": "Starting",
		"numbers_of_errors": 8,
		"Numbers_of_records": 13
	},
	{
		"fileName": "Sibelius",
		"arrivalTs": "Oct 25, 2016",
		"processing_startsTs": "2017-01-19 16:57:19",
		"processing_endTs": "2017-06-23 14:58:31",
		"processing_status": "Starting",
		"numbers_of_errors": 7,
		"Numbers_of_records": 10
	},
	{
		"fileName": "Cakewalk",
		"arrivalTs": "Jun 2, 2017",
		"processing_startsTs": "2017-02-22 19:59:17",
		"processing_endTs": "2017-06-12 16:42:46",
		"processing_status": "Starting",
		"numbers_of_errors": 3,
		"Numbers_of_records": 17
	},
	{
		"fileName": "Borland",
		"arrivalTs": "Jun 22, 2017",
		"processing_startsTs": "2017-09-28 09:40:55",
		"processing_endTs": "2016-08-30 00:42:08",
		"processing_status": "completted",
		"numbers_of_errors": 10,
		"Numbers_of_records": 15
	},
	{
		"fileName": "Yahoo",
		"arrivalTs": "Jul 12, 2016",
		"processing_startsTs": "2018-04-29 19:59:16",
		"processing_endTs": "2017-03-26 05:10:33",
		"processing_status": "Starting",
		"numbers_of_errors": 5,
		"Numbers_of_records": 3
	},
	{
		"fileName": "Apple Systems",
		"arrivalTs": "Mar 27, 2018",
		"processing_startsTs": "2016-11-27 17:43:22",
		"processing_endTs": "2017-12-25 09:13:04",
		"processing_status": "completted",
		"numbers_of_errors": 9,
		"Numbers_of_records": 5
	},
	{
		"fileName": "Lycos",
		"arrivalTs": "Jan 6, 2017",
		"processing_startsTs": "2018-04-26 17:13:59",
		"processing_endTs": "2016-08-30 22:27:17",
		"processing_status": "Starting",
		"numbers_of_errors": 9,
		"Numbers_of_records": 8
	},
	{
		"fileName": "Altavista",
		"arrivalTs": "May 7, 2017",
		"processing_startsTs": "2017-11-30 19:38:27",
		"processing_endTs": "2016-09-18 23:28:20",
		"processing_status": "Starting",
		"numbers_of_errors": 4,
		"Numbers_of_records": 13
	},
	{
		"fileName": "Chami",
		"arrivalTs": "Jan 28, 2017",
		"processing_startsTs": "2016-12-29 19:34:06",
		"processing_endTs": "2016-11-30 13:54:35",
		"processing_status": "Processing",
		"numbers_of_errors": 5,
		"Numbers_of_records": 12
	},
	{
		"fileName": "Google",
		"arrivalTs": "Nov 20, 2017",
		"processing_startsTs": "2018-03-29 20:19:45",
		"processing_endTs": "2016-09-04 09:57:07",
		"processing_status": "Processing",
		"numbers_of_errors": 4,
		"Numbers_of_records": 12
	},
	{
		"fileName": "Microsoft",
		"arrivalTs": "Jun 10, 2017",
		"processing_startsTs": "2017-04-20 01:41:54",
		"processing_endTs": "2016-08-20 22:28:13",
		"processing_status": "Starting",
		"numbers_of_errors": 10,
		"Numbers_of_records": 12
	},
	{
		"fileName": "Google",
		"arrivalTs": "Mar 25, 2018",
		"processing_startsTs": "2017-01-02 11:47:40",
		"processing_endTs": "2017-04-13 01:04:26",
		"processing_status": "completted",
		"numbers_of_errors": 8,
		"Numbers_of_records": 14
	},
	{
		"fileName": "Apple Systems",
		"arrivalTs": "Sep 24, 2016",
		"processing_startsTs": "2017-07-10 11:34:36",
		"processing_endTs": "2017-06-16 09:43:18",
		"processing_status": "Processing",
		"numbers_of_errors": 1,
		"Numbers_of_records": 7
	},
	{
		"fileName": "Sibelius",
		"arrivalTs": "Sep 15, 2016",
		"processing_startsTs": "2016-10-12 19:28:04",
		"processing_endTs": "2016-10-14 10:27:42",
		"processing_status": "Processing",
		"numbers_of_errors": 8,
		"Numbers_of_records": 15
	},
	{
		"fileName": "Yahoo",
		"arrivalTs": "Dec 18, 2016",
		"processing_startsTs": "2018-04-05 09:05:35",
		"processing_endTs": "2017-07-19 04:52:38",
		"processing_status": "completted",
		"numbers_of_errors": 10,
		"Numbers_of_records": 1
	},
	{
		"fileName": "Sibelius",
		"arrivalTs": "Mar 27, 2018",
		"processing_startsTs": "2017-02-25 07:16:27",
		"processing_endTs": "2017-03-19 06:01:25",
		"processing_status": "completted",
		"numbers_of_errors": 6,
		"Numbers_of_records": 19
	},
	{
		"fileName": "Cakewalk",
		"arrivalTs": "Dec 31, 2016",
		"processing_startsTs": "2017-07-11 17:34:34",
		"processing_endTs": "2017-03-11 07:18:52",
		"processing_status": "completted",
		"numbers_of_errors": 2,
		"Numbers_of_records": 11
	},
	{
		"fileName": "Adobe",
		"arrivalTs": "May 22, 2016",
		"processing_startsTs": "2018-03-23 06:38:00",
		"processing_endTs": "2017-03-01 12:22:39",
		"processing_status": "completted",
		"numbers_of_errors": 3,
		"Numbers_of_records": 3
	},
	{
		"fileName": "Google",
		"arrivalTs": "Sep 27, 2017",
		"processing_startsTs": "2018-04-01 20:54:56",
		"processing_endTs": "2018-03-27 09:05:24",
		"processing_status": "Starting",
		"numbers_of_errors": 7,
		"Numbers_of_records": 15
	},
	{
		"fileName": "Lavasoft",
		"arrivalTs": "Feb 14, 2018",
		"processing_startsTs": "2017-01-30 17:36:15",
		"processing_endTs": "2017-02-20 07:31:45",
		"processing_status": "Processing",
		"numbers_of_errors": 5,
		"Numbers_of_records": 18
	},
	{
		"fileName": "Yahoo",
		"arrivalTs": "Jan 1, 2018",
		"processing_startsTs": "2016-08-03 09:05:20",
		"processing_endTs": "2016-08-15 01:44:32",
		"processing_status": "Starting",
		"numbers_of_errors": 2,
		"Numbers_of_records": 8
	},
	{
		"fileName": "Chami",
		"arrivalTs": "Dec 6, 2017",
		"processing_startsTs": "2018-03-09 05:17:11",
		"processing_endTs": "2017-10-25 14:26:46",
		"processing_status": "completted",
		"numbers_of_errors": 3,
		"Numbers_of_records": 13
	},
	{
		"fileName": "Lavasoft",
		"arrivalTs": "May 3, 2017",
		"processing_startsTs": "2016-08-24 08:04:54",
		"processing_endTs": "2018-04-11 19:50:25",
		"processing_status": "completted",
		"numbers_of_errors": 8,
		"Numbers_of_records": 14
	},
	{
		"fileName": "Google",
		"arrivalTs": "Jul 24, 2017",
		"processing_startsTs": "2016-06-28 09:06:26",
		"processing_endTs": "2017-07-25 12:12:26",
		"processing_status": "completted",
		"numbers_of_errors": 4,
		"Numbers_of_records": 5
	},
	{
		"fileName": "Adobe",
		"arrivalTs": "Mar 29, 2018",
		"processing_startsTs": "2017-09-21 00:56:55",
		"processing_endTs": "2017-04-04 02:56:06",
		"processing_status": "Processing",
		"numbers_of_errors": 2,
		"Numbers_of_records": 14
	},
	{
		"fileName": "Lavasoft",
		"arrivalTs": "Nov 26, 2017",
		"processing_startsTs": "2016-07-31 13:03:25",
		"processing_endTs": "2016-06-16 16:55:58",
		"processing_status": "completted",
		"numbers_of_errors": 3,
		"Numbers_of_records": 18
	},
	{
		"fileName": "Sibelius",
		"arrivalTs": "Jun 27, 2017",
		"processing_startsTs": "2017-09-26 19:38:47",
		"processing_endTs": "2017-02-06 10:36:39",
		"processing_status": "Processing",
		"numbers_of_errors": 2,
		"Numbers_of_records": 10
	},
	{
		"fileName": "Cakewalk",
		"arrivalTs": "Jul 28, 2017",
		"processing_startsTs": "2016-12-04 07:10:11",
		"processing_endTs": "2017-04-08 21:27:14",
		"processing_status": "Processing",
		"numbers_of_errors": 2,
		"Numbers_of_records": 6
	},
	{
		"fileName": "Macromedia",
		"arrivalTs": "Sep 11, 2016",
		"processing_startsTs": "2018-03-03 06:51:33",
		"processing_endTs": "2017-07-31 16:06:43",
		"processing_status": "Processing",
		"numbers_of_errors": 5,
		"Numbers_of_records": 4
	},
	{
		"fileName": "Google",
		"arrivalTs": "Jan 18, 2017",
		"processing_startsTs": "2017-01-20 21:27:19",
		"processing_endTs": "2017-02-20 16:27:53",
		"processing_status": "Processing",
		"numbers_of_errors": 3,
		"Numbers_of_records": 4
	},
	{
		"fileName": "Altavista",
		"arrivalTs": "Mar 8, 2018",
		"processing_startsTs": "2016-06-09 01:22:55",
		"processing_endTs": "2017-08-23 10:32:45",
		"processing_status": "Processing",
		"numbers_of_errors": 2,
		"Numbers_of_records": 2
	},
	{
		"fileName": "Altavista",
		"arrivalTs": "Aug 24, 2016",
		"processing_startsTs": "2017-11-04 10:57:04",
		"processing_endTs": "2017-03-15 23:48:46",
		"processing_status": "Starting",
		"numbers_of_errors": 6,
		"Numbers_of_records": 13
	},
	{
		"fileName": "Yahoo",
		"arrivalTs": "Dec 19, 2017",
		"processing_startsTs": "2017-07-08 21:21:26",
		"processing_endTs": "2016-09-04 18:31:23",
		"processing_status": "completted",
		"numbers_of_errors": 7,
		"Numbers_of_records": 11
	},
	{
		"fileName": "Cakewalk",
		"arrivalTs": "Jan 16, 2017",
		"processing_startsTs": "2017-03-31 13:53:00",
		"processing_endTs": "2017-02-13 15:12:16",
		"processing_status": "Starting",
		"numbers_of_errors": 3,
		"Numbers_of_records": 4
	},
	{
		"fileName": "Lycos",
		"arrivalTs": "Dec 24, 2017",
		"processing_startsTs": "2017-08-06 14:22:21",
		"processing_endTs": "2017-05-19 22:40:48",
		"processing_status": "Starting",
		"numbers_of_errors": 2,
		"Numbers_of_records": 20
	},
	{
		"fileName": "Cakewalk",
		"arrivalTs": "Apr 12, 2017",
		"processing_startsTs": "2017-06-10 12:46:57",
		"processing_endTs": "2017-04-17 13:16:11",
		"processing_status": "Processing",
		"numbers_of_errors": 7,
		"Numbers_of_records": 3
	},
	{
		"fileName": "Chami",
		"arrivalTs": "Oct 23, 2017",
		"processing_startsTs": "2017-02-25 19:10:32",
		"processing_endTs": "2016-06-17 03:01:40",
		"processing_status": "Processing",
		"numbers_of_errors": 5,
		"Numbers_of_records": 20
	},
	{
		"fileName": "Macromedia",
		"arrivalTs": "Aug 22, 2017",
		"processing_startsTs": "2017-08-31 22:21:24",
		"processing_endTs": "2017-05-26 01:11:24",
		"processing_status": "completted",
		"numbers_of_errors": 7,
		"Numbers_of_records": 14
	},
	{
		"fileName": "Lavasoft",
		"arrivalTs": "Apr 16, 2018",
		"processing_startsTs": "2017-07-02 10:02:39",
		"processing_endTs": "2017-01-23 02:15:51",
		"processing_status": "completted",
		"numbers_of_errors": 7,
		"Numbers_of_records": 15
	},
	{
		"fileName": "Adobe",
		"arrivalTs": "Feb 3, 2018",
		"processing_startsTs": "2016-06-06 07:54:55",
		"processing_endTs": "2017-01-25 20:59:20",
		"processing_status": "Starting",
		"numbers_of_errors": 7,
		"Numbers_of_records": 13
	},
	{
		"fileName": "Lycos",
		"arrivalTs": "Oct 14, 2017",
		"processing_startsTs": "2016-07-24 03:00:20",
		"processing_endTs": "2018-02-25 02:35:12",
		"processing_status": "Starting",
		"numbers_of_errors": 1,
		"Numbers_of_records": 19
	},
	{
		"fileName": "Macromedia",
		"arrivalTs": "Aug 17, 2017",
		"processing_startsTs": "2017-06-16 03:42:59",
		"processing_endTs": "2018-02-17 18:07:50",
		"processing_status": "Starting",
		"numbers_of_errors": 4,
		"Numbers_of_records": 17
	},
	{
		"fileName": "Google",
		"arrivalTs": "Aug 5, 2017",
		"processing_startsTs": "2016-09-17 19:52:51",
		"processing_endTs": "2017-01-16 10:29:58",
		"processing_status": "completted",
		"numbers_of_errors": 8,
		"Numbers_of_records": 3
	},
	{
		"fileName": "Chami",
		"arrivalTs": "Aug 25, 2016",
		"processing_startsTs": "2017-10-25 01:26:23",
		"processing_endTs": "2017-07-06 14:41:52",
		"processing_status": "Processing",
		"numbers_of_errors": 9,
		"Numbers_of_records": 4
	},
	{
		"fileName": "Adobe",
		"arrivalTs": "Jul 17, 2016",
		"processing_startsTs": "2016-09-07 19:24:38",
		"processing_endTs": "2017-08-06 17:21:37",
		"processing_status": "completted",
		"numbers_of_errors": 4,
		"Numbers_of_records": 5
	},
	{
		"fileName": "Sibelius",
		"arrivalTs": "Apr 5, 2017",
		"processing_startsTs": "2017-09-16 09:06:21",
		"processing_endTs": "2016-12-09 04:25:06",
		"processing_status": "Starting",
		"numbers_of_errors": 4,
		"Numbers_of_records": 7
	},
	{
		"fileName": "Lycos",
		"arrivalTs": "Sep 28, 2017",
		"processing_startsTs": "2017-09-05 21:59:36",
		"processing_endTs": "2017-08-14 02:57:21",
		"processing_status": "Processing",
		"numbers_of_errors": 1,
		"Numbers_of_records": 20
	},
	{
		"fileName": "Borland",
		"arrivalTs": "Sep 13, 2017",
		"processing_startsTs": "2016-11-07 20:10:43",
		"processing_endTs": "2016-09-18 11:49:11",
		"processing_status": "completted",
		"numbers_of_errors": 6,
		"Numbers_of_records": 16
	},
	{
		"fileName": "Borland",
		"arrivalTs": "Oct 11, 2016",
		"processing_startsTs": "2017-04-21 23:19:01",
		"processing_endTs": "2017-09-23 22:43:03",
		"processing_status": "completted",
		"numbers_of_errors": 8,
		"Numbers_of_records": 3
	},
	{
		"fileName": "Sibelius",
		"arrivalTs": "Nov 1, 2017",
		"processing_startsTs": "2016-05-30 15:25:14",
		"processing_endTs": "2017-02-07 04:06:33",
		"processing_status": "Starting",
		"numbers_of_errors": 3,
		"Numbers_of_records": 3
	},
	{
		"fileName": "Macromedia",
		"arrivalTs": "Jan 2, 2017",
		"processing_startsTs": "2017-10-18 01:34:23",
		"processing_endTs": "2017-11-06 14:49:32",
		"processing_status": "completted",
		"numbers_of_errors": 3,
		"Numbers_of_records": 17
	},
	{
		"fileName": "Google",
		"arrivalTs": "Jan 13, 2017",
		"processing_startsTs": "2016-10-03 07:16:33",
		"processing_endTs": "2016-08-01 22:48:10",
		"processing_status": "Starting",
		"numbers_of_errors": 9,
		"Numbers_of_records": 14
	},
	{
		"fileName": "Adobe",
		"arrivalTs": "Apr 5, 2018",
		"processing_startsTs": "2017-12-13 01:06:04",
		"processing_endTs": "2018-02-04 09:52:46",
		"processing_status": "completted",
		"numbers_of_errors": 3,
		"Numbers_of_records": 15
	},
	{
		"fileName": "Chami",
		"arrivalTs": "Jan 27, 2017",
		"processing_startsTs": "2018-03-02 13:15:39",
		"processing_endTs": "2016-09-25 09:47:06",
		"processing_status": "completted",
		"numbers_of_errors": 4,
		"Numbers_of_records": 17
	},
	{
		"fileName": "Chami",
		"arrivalTs": "Jun 13, 2017",
		"processing_startsTs": "2017-10-14 13:47:25",
		"processing_endTs": "2016-10-02 12:59:12",
		"processing_status": "Starting",
		"numbers_of_errors": 8,
		"Numbers_of_records": 10
	},
	{
		"fileName": "Apple Systems",
		"arrivalTs": "May 27, 2016",
		"processing_startsTs": "2018-02-20 22:36:14",
		"processing_endTs": "2017-09-14 15:40:12",
		"processing_status": "Starting",
		"numbers_of_errors": 2,
		"Numbers_of_records": 7
	},
	{
		"fileName": "Borland",
		"arrivalTs": "May 29, 2016",
		"processing_startsTs": "2017-08-11 14:04:44",
		"processing_endTs": "2016-06-06 20:29:36",
		"processing_status": "Processing",
		"numbers_of_errors": 9,
		"Numbers_of_records": 3
	},
	{
		"fileName": "Borland",
		"arrivalTs": "Oct 20, 2017",
		"processing_startsTs": "2017-09-26 17:31:12",
		"processing_endTs": "2016-07-02 12:29:58",
		"processing_status": "completted",
		"numbers_of_errors": 1,
		"Numbers_of_records": 13
	},
	{
		"fileName": "Chami",
		"arrivalTs": "May 8, 2017",
		"processing_startsTs": "2017-02-26 20:38:19",
		"processing_endTs": "2018-04-06 05:16:24",
		"processing_status": "Starting",
		"numbers_of_errors": 5,
		"Numbers_of_records": 20
	},
	{
		"fileName": "Sibelius",
		"arrivalTs": "Oct 3, 2016",
		"processing_startsTs": "2016-07-17 10:54:12",
		"processing_endTs": "2018-03-31 20:19:45",
		"processing_status": "Processing",
		"numbers_of_errors": 4,
		"Numbers_of_records": 4
	},
	{
		"fileName": "Lavasoft",
		"arrivalTs": "Mar 5, 2018",
		"processing_startsTs": "2016-05-10 03:06:42",
		"processing_endTs": "2016-11-15 13:34:00",
		"processing_status": "Starting",
		"numbers_of_errors": 10,
		"Numbers_of_records": 12
	},
	{
		"fileName": "Chami",
		"arrivalTs": "Jun 3, 2017",
		"processing_startsTs": "2018-04-22 03:45:58",
		"processing_endTs": "2017-08-03 17:48:34",
		"processing_status": "completted",
		"numbers_of_errors": 7,
		"Numbers_of_records": 6
	},
	{
		"fileName": "Cakewalk",
		"arrivalTs": "Oct 7, 2017",
		"processing_startsTs": "2018-02-10 18:36:00",
		"processing_endTs": "2016-11-05 12:41:44",
		"processing_status": "Starting",
		"numbers_of_errors": 8,
		"Numbers_of_records": 16
	},
	{
		"fileName": "Sibelius",
		"arrivalTs": "Sep 14, 2016",
		"processing_startsTs": "2017-04-30 07:30:32",
		"processing_endTs": "2017-07-17 08:09:14",
		"processing_status": "Starting",
		"numbers_of_errors": 7,
		"Numbers_of_records": 8
	},
	{
		"fileName": "Chami",
		"arrivalTs": "Sep 16, 2016",
		"processing_startsTs": "2017-01-12 03:36:33",
		"processing_endTs": "2016-10-31 13:10:50",
		"processing_status": "Processing",
		"numbers_of_errors": 3,
		"Numbers_of_records": 20
	}
]