[
    {
        "id":1,
        "fileName":"InQuisJusto.ppt",
        "arrivalTs":"2015-08-25T21:48:02Z",
        "county":"Contra Costa County",
        "processing_startsTs":"2015-09-18T19:26:15Z",
        "processing_endTs":"2016-01-06T21:55:04Z",
        "processing_status":"Completed",
        "number_of_errors":2,
        "number_of_records":28,
        "fileType":"TXT",
        "error":"1B6UWtdpwesaG8h7BG5nc8tr1keBzdeFqU",
        "control_number":18
    },
    {
        "id":2,
        "fileName":"Dapibus.ppt",
        "arrivalTs":"2014-09-20T05:23:16Z",
        "county":"Alpine County",
        "processing_startsTs":"2015-12-20T00:02:13Z",
        "processing_endTs":"2016-05-16T08:03:05Z",
        "processing_status":"Completed",
        "number_of_errors":1,
        "number_of_records":61,
        "fileType":"XLS",
        "error":"1CjGHmLSu2n7BEjAzJHZ2NUsBCMhaXt6pS",
        "control_number":22
    },
    {
        "id":3,
        "fileName":"Blandit.xls",
        "arrivalTs":"2017-06-05T17:27:14Z",
        "county":"Contra Costa County",
        "processing_startsTs":"2016-05-20T17:26:00Z",
        "processing_endTs":"2016-07-31T03:37:04Z",
        "processing_status":"Failed",
        "number_of_errors":1,
        "number_of_records":52,
        "fileType":"TXT",
        "error":"1KAXMUn7en6wh5NCVzs9UZ37dAPwJv3utp",
        "control_number":34
    },
    {
        "id":4,
        "fileName":"LaoreetUt.xls",
        "arrivalTs":"2015-05-15T22:16:32Z",
        "county":"Alpine County",
        "processing_startsTs":"2016-06-07T12:35:34Z",
        "processing_endTs":"2014-10-03T16:26:11Z",
        "processing_status":"In Processing",
        "number_of_errors":5,
        "number_of_records":48,
        "fileType":"PPT",
        "error":"19kpiBCB4L7YPeH9WQ9KSCi7aFe6MA1LGj",
        "control_number":55
    },
    {
        "id":5,
        "fileName":"MetusAenean.xls",
        "arrivalTs":"2015-04-17T18:21:49Z",
        "county":"Butte County",
        "processing_startsTs":"2014-10-08T19:20:13Z",
        "processing_endTs":"2016-08-30T20:57:43Z",
        "processing_status":"In Queue",
        "number_of_errors":4,
        "number_of_records":41,
        "fileType":"DOC",
        "error":"1HQHv5yFjLLSHMdtNyq6mtgPVJ4VfZL4ga",
        "control_number":33
    },
    {
        "id":6,
        "fileName":"Platea.ppt",
        "arrivalTs":"2016-05-14T21:58:43Z",
        "county":"Contra Costa County",
        "processing_startsTs":"2015-05-29T08:54:08Z",
        "processing_endTs":"2017-08-10T19:29:53Z",
        "processing_status":"In Queue",
        "number_of_errors":0,
        "number_of_records":83,
        "fileType":"TXT",
        "error":"1GZQAmAEHP21snmjtrgBKdmw73E4cj1V9X",
        "control_number":27
    },
    {
        "id":7,
        "fileName":"JustoInHac.doc",
        "arrivalTs":"2016-04-09T16:49:24Z",
        "county":"Amador County",
        "processing_startsTs":"2015-12-03T08:24:36Z",
        "processing_endTs":"2015-03-07T07:07:51Z",
        "processing_status":"Failed",
        "number_of_errors":2,
        "number_of_records":32,
        "fileType":"TXT",
        "error":"1DcKPBeqLsq7R7c1nFYiLj1V3KdLT7orCE",
        "control_number":98
    },
    {
        "id":8,
        "fileName":"VolutpatConvallisMorbi.ppt",
        "arrivalTs":"2015-05-18T21:29:51Z",
        "county":"Butte County",
        "processing_startsTs":"2015-08-24T19:38:49Z",
        "processing_endTs":"2015-04-20T13:42:03Z",
        "processing_status":"Failed",
        "number_of_errors":4,
        "number_of_records":67,
        "fileType":"XLS",
        "error":"1LdfY3QLRZJMGtw5yQu5FSSFxfc1d98dYa",
        "control_number":62
    },
    {
        "id":9,
        "fileName":"HabitassePlateaDictumst.ppt",
        "arrivalTs":"2016-08-14T11:57:27Z",
        "county":"Alpine County",
        "processing_startsTs":"2015-08-27T09:19:35Z",
        "processing_endTs":"2016-05-23T17:25:22Z",
        "processing_status":"Failed",
        "number_of_errors":2,
        "number_of_records":9,
        "fileType":"PPT",
        "error":"1Nx1GwQEo1uSNaqwDz6G4dnECTshfK62cs",
        "control_number":23
    },
    {
        "id":10,
        "fileName":"Nam.xls",
        "arrivalTs":"2016-06-29T09:42:10Z",
        "county":"Contra Costa County",
        "processing_startsTs":"2016-04-06T03:57:23Z",
        "processing_endTs":"2016-11-17T13:45:11Z",
        "processing_status":"Failed",
        "number_of_errors":0,
        "number_of_records":51,
        "fileType":"DOC",
        "error":"1KacZdaznGPiJBMyp6AyMBX6vQCjpR2pFv",
        "control_number":45
    },
    {
        "id":11,
        "fileName":"VenenatisTristique.xls",
        "arrivalTs":"2016-09-26T11:59:00Z",
        "county":"Colusa County",
        "processing_startsTs":"2016-07-23T17:50:14Z",
        "processing_endTs":"2016-01-04T18:07:55Z",
        "processing_status":"Failed",
        "number_of_errors":1,
        "number_of_records":12,
        "fileType":"XLS",
        "error":"17Xq57mby9o2vCeaqKsF7GnBrdPMLDW9Gb",
        "control_number":59
    },
    {
        "id":12,
        "fileName":"Nunc.pdf",
        "arrivalTs":"2015-10-05T15:35:51Z",
        "county":"Alpine County",
        "processing_startsTs":"2016-03-19T22:37:03Z",
        "processing_endTs":"2015-04-29T00:02:00Z",
        "processing_status":"In Queue",
        "number_of_errors":4,
        "number_of_records":61,
        "fileType":"TXT",
        "error":"1CAcNJqftiEp7AYD5ZmgDC6NrArH3eWCMK",
        "control_number":27
    },
    {
        "id":13,
        "fileName":"SedTincidunt.ppt",
        "arrivalTs":"2015-11-29T15:25:28Z",
        "county":"Butte County",
        "processing_startsTs":"2016-01-23T11:15:49Z",
        "processing_endTs":"2015-09-14T13:17:52Z",
        "processing_status":"Failed",
        "number_of_errors":2,
        "number_of_records":32,
        "fileType":"TXT",
        "error":"1FF3kUJKdUFEGJeZ714mhSNZTJxHGAX47J",
        "control_number":74
    },
    {
        "id":14,
        "fileName":"Purus.ppt",
        "arrivalTs":"2015-10-30T22:04:55Z",
        "county":"Contra Costa County",
        "processing_startsTs":"2015-07-01T01:05:03Z",
        "processing_endTs":"2017-01-12T11:21:08Z",
        "processing_status":"In Queue",
        "number_of_errors":1,
        "number_of_records":22,
        "fileType":"PPT",
        "error":"1Jm9czAvbmvHyeDGym4WwrKeSXdGjKMHA4",
        "control_number":32
    },
    {
        "id":15,
        "fileName":"ImperdietNullamOrci.ppt",
        "arrivalTs":"2017-06-10T09:57:08Z",
        "county":"Alameda County",
        "processing_startsTs":"2014-12-30T10:48:26Z",
        "processing_endTs":"2015-06-01T18:16:13Z",
        "processing_status":"Failed",
        "number_of_errors":1,
        "number_of_records":9,
        "fileType":"TXT",
        "error":"1CRjVkRDn6cvHNV3TpdDdDMpr2eH9vfpJb",
        "control_number":53
    },
    {
        "id":16,
        "fileName":"Maecenas.pdf",
        "arrivalTs":"2014-12-17T20:54:47Z",
        "county":"Alameda County",
        "processing_startsTs":"2015-05-06T17:30:54Z",
        "processing_endTs":"2016-01-16T06:06:04Z",
        "processing_status":"In Processing",
        "number_of_errors":2,
        "number_of_records":5,
        "fileType":"DOC",
        "error":"1uodpfqZ5tLJ4KNsQe31ZVQHNdiVXD8R7",
        "control_number":39
    },
    {
        "id":17,
        "fileName":"NequeDuisBibendum.ppt",
        "arrivalTs":"2016-07-23T20:52:09Z",
        "county":"Colusa County",
        "processing_startsTs":"2016-01-28T15:34:00Z",
        "processing_endTs":"2016-02-25T12:45:38Z",
        "processing_status":"Failed",
        "number_of_errors":2,
        "number_of_records":34,
        "fileType":"XLS",
        "error":"18DHed49CdCfasDbTfN3GAM87d8kPjB2qG",
        "control_number":33
    },
    {
        "id":18,
        "fileName":"RhoncusDuiVel.ppt",
        "arrivalTs":"2014-10-02T01:46:34Z",
        "county":"Contra Costa County",
        "processing_startsTs":"2015-11-24T12:58:52Z",
        "processing_endTs":"2015-02-13T15:51:00Z",
        "processing_status":"Failed",
        "number_of_errors":0,
        "number_of_records":100,
        "fileType":"DOC",
        "error":"1KXHoPX7oukr1HJzef1GiBVLKk7nNBT3X4",
        "control_number":10
    },
    {
        "id":19,
        "fileName":"ConvallisMorbiOdio.xls",
        "arrivalTs":"2015-09-22T11:17:43Z",
        "county":"Alameda County",
        "processing_startsTs":"2017-01-04T01:04:11Z",
        "processing_endTs":"2015-03-05T08:05:35Z",
        "processing_status":"Failed",
        "number_of_errors":1,
        "number_of_records":38,
        "fileType":"TXT",
        "error":"12XVHgLi91aDEqSX1gJfc3JZuF1nUqfNF6",
        "control_number":72
    },
    {
        "id":20,
        "fileName":"EtUltrices.pdf",
        "arrivalTs":"2014-12-30T00:11:21Z",
        "county":"Alpine County",
        "processing_startsTs":"2015-03-23T00:03:48Z",
        "processing_endTs":"2016-07-13T02:08:44Z",
        "processing_status":"In Processing",
        "number_of_errors":5,
        "number_of_records":52,
        "fileType":"PPT",
        "error":"17tcxZDCRunfPwihkg3RmMTZnThcmbnp6F",
        "control_number":80
    },
    {
        "id":21,
        "fileName":"CongueDiamId.xls",
        "arrivalTs":"2016-03-24T15:12:08Z",
        "county":"Butte County",
        "processing_startsTs":"2014-10-06T16:57:04Z",
        "processing_endTs":"2015-08-18T15:41:05Z",
        "processing_status":"Completed",
        "number_of_errors":2,
        "number_of_records":19,
        "fileType":"PPT",
        "error":"1AFhM8V5DPWojvXneyQkst5np7E2gVXqTn",
        "control_number":7
    },
    {
        "id":22,
        "fileName":"PosuereCubilia.pdf",
        "arrivalTs":"2017-06-17T04:11:27Z",
        "county":"Amador County",
        "processing_startsTs":"2014-09-17T12:14:11Z",
        "processing_endTs":"2016-01-20T12:27:34Z",
        "processing_status":"Completed",
        "number_of_errors":0,
        "number_of_records":99,
        "fileType":"TXT",
        "error":"1CaotWi3Lwin64xKVrJvFZxeiNzXWcHF7Q",
        "control_number":77
    },
    {
        "id":23,
        "fileName":"AugueLuctusTincidunt.xls",
        "arrivalTs":"2016-03-12T15:33:24Z",
        "county":"Contra Costa County",
        "processing_startsTs":"2015-03-17T22:29:37Z",
        "processing_endTs":"2016-02-02T12:20:20Z",
        "processing_status":"Failed",
        "number_of_errors":4,
        "number_of_records":56,
        "fileType":"PPT",
        "error":"1LNbEYRq91hBzXhzxWyL7Z5ZukStdRb3ys",
        "control_number":51
    },
    {
        "id":24,
        "fileName":"EratTortorSollicitudin.pdf",
        "arrivalTs":"2017-07-24T05:24:20Z",
        "county":"Colusa County",
        "processing_startsTs":"2015-07-23T07:01:58Z",
        "processing_endTs":"2015-09-08T06:30:32Z",
        "processing_status":"In Processing",
        "number_of_errors":4,
        "number_of_records":41,
        "fileType":"DOC",
        "error":"1143jFA4Fr6sXPzFPGXsZ1W2SW2PxqfXM4",
        "control_number":57
    },
    {
        "id":25,
        "fileName":"RutrumNulla.ppt",
        "arrivalTs":"2015-05-27T21:36:00Z",
        "county":"Butte County",
        "processing_startsTs":"2015-08-15T16:57:10Z",
        "processing_endTs":"2015-03-10T08:51:28Z",
        "processing_status":"Failed",
        "number_of_errors":3,
        "number_of_records":66,
        "fileType":"XLS",
        "error":"18X5hAtWU46Gt5rPnogBvCPPdJVLPnpvN2",
        "control_number":80
    },
    {
        "id":26,
        "fileName":"IntegerAc.ppt",
        "arrivalTs":"2015-12-18T02:24:17Z",
        "county":"Colusa County",
        "processing_startsTs":"2014-10-02T21:22:43Z",
        "processing_endTs":"2015-05-08T00:38:02Z",
        "processing_status":"Failed",
        "number_of_errors":1,
        "number_of_records":98,
        "fileType":"XLS",
        "error":"15ErTfXNX1NiRuyFkUf78cT8HwoT9fyNYn",
        "control_number":38
    },
    {
        "id":27,
        "fileName":"SedAccumsan.ppt",
        "arrivalTs":"2015-05-11T18:57:13Z",
        "county":"Alameda County",
        "processing_startsTs":"2015-05-18T17:28:31Z",
        "processing_endTs":"2017-06-25T21:26:31Z",
        "processing_status":"In Processing",
        "number_of_errors":3,
        "number_of_records":43,
        "fileType":"PPT",
        "error":"1EHtxXitoAbuPQM8m4RKLfR59Az6RZBh1A",
        "control_number":74
    },
    {
        "id":28,
        "fileName":"Justo.ppt",
        "arrivalTs":"2015-04-28T22:34:10Z",
        "county":"Alameda County",
        "processing_startsTs":"2015-10-13T23:12:33Z",
        "processing_endTs":"2015-12-10T01:04:11Z",
        "processing_status":"In Queue",
        "number_of_errors":5,
        "number_of_records":66,
        "fileType":"DOC",
        "error":"1MphQPGERF2NYcVj6giCoMGA3YcMhBEwfa",
        "control_number":59
    },
    {
        "id":29,
        "fileName":"FuscePosuere.pdf",
        "arrivalTs":"2015-05-22T19:32:11Z",
        "county":"Amador County",
        "processing_startsTs":"2016-01-24T13:25:41Z",
        "processing_endTs":"2016-08-17T17:08:03Z",
        "processing_status":"In Processing",
        "number_of_errors":2,
        "number_of_records":25,
        "fileType":"DOC",
        "error":"112nUtqUBTvnQjHiDp2ZviezQN93tTYiyL",
        "control_number":26
    },
    {
        "id":30,
        "fileName":"EtUltrices.doc",
        "arrivalTs":"2016-12-28T20:51:42Z",
        "county":"Calaveras County",
        "processing_startsTs":"",
        "processing_endTs":"",
        "processing_status":"In Processing",
        "number_of_errors":null,
        "number_of_records":null,
        "fileType":"XLS",
        "error":"1ErWuzAw3WAZhBvm5bjnCCjUdPLAKgmmqW",
        "control_number":60
    },
    {
        "id":31,
        "fileName":"InterdumMauris.xls",
        "arrivalTs":"2017-04-13T18:43:19Z",
        "county":"Butte County",
        "processing_startsTs":"2015-08-06T18:15:09Z",
        "processing_endTs":"2015-12-02T01:17:40Z",
        "processing_status":"In Queue",
        "number_of_errors":4,
        "number_of_records":35,
        "fileType":"PPT",
        "error":"1FjrLMnntEQx2r2Vi2XApLeNfrQBvaYfKn",
        "control_number":41
    },
    {
        "id":32,
        "fileName":"VelIpsum.ppt",
        "arrivalTs":"2015-11-19T00:22:32Z",
        "county":"Calaveras County",
        "processing_startsTs":"2015-07-11T21:54:10Z",
        "processing_endTs":"2016-12-13T08:18:51Z",
        "processing_status":"Failed",
        "number_of_errors":0,
        "number_of_records":44,
        "fileType":"PPT",
        "error":"1GsJzFjWyXEXGe2cuB8AY9rmJKhrM2SSDi",
        "control_number":32
    },
    {
        "id":33,
        "fileName":"Sit.xls",
        "arrivalTs":"2017-08-15T03:18:11Z",
        "county":"Colusa County",
        "processing_startsTs":"",
        "processing_endTs":"",
        "processing_status":"In Queue",
        "number_of_errors":null,
        "number_of_records":null,
        "fileType":"TXT",
        "error":"1BHiZDhxSJ5ayjnWE2iVMGK24cDHAk6FQ1",
        "control_number":83
    },
    {
        "id":34,
        "fileName":"LuctusNecMolestie.ppt",
        "arrivalTs":"2016-03-13T01:58:54Z",
        "county":"Butte County",
        "processing_startsTs":"2016-10-15T12:58:28Z",
        "processing_endTs":"2015-11-19T05:24:05Z",
        "processing_status":"In Queue",
        "number_of_errors":1,
        "number_of_records":36,
        "fileType":"PPT",
        "error":"1HdAKgeAE9sfaBGAMVceCEEyJRi8pvhVXT",
        "control_number":10
    },
    {
        "id":35,
        "fileName":"QuamPharetra.ppt",
        "arrivalTs":"2015-03-27T12:06:48Z",
        "county":"Colusa County",
        "processing_startsTs":"2016-09-20T05:03:39Z",
        "processing_endTs":"2014-09-10T00:38:41Z",
        "processing_status":"In Processing",
        "number_of_errors":0,
        "number_of_records":11,
        "fileType":"DOC",
        "error":"1CtRUZTkSE89aAcAVAXdteNUGpfXLCoHNQ",
        "control_number":57
    },
    {
        "id":36,
        "fileName":"MiInteger.ppt",
        "arrivalTs":"2014-09-09T10:53:07Z",
        "county":"Amador County",
        "processing_startsTs":"2015-04-05T23:30:54Z",
        "processing_endTs":"2017-01-16T01:28:46Z",
        "processing_status":"Failed",
        "number_of_errors":1,
        "number_of_records":97,
        "fileType":"TXT",
        "error":"16Nh9MHfsBU6ZYC6BzRikgGNCGhV2dYWGC",
        "control_number":50
    },
    {
        "id":37,
        "fileName":"Lorem.xls",
        "arrivalTs":"2017-02-22T02:23:50Z",
        "county":"Alameda County",
        "processing_startsTs":"2015-05-15T08:06:43Z",
        "processing_endTs":"2016-08-05T20:31:34Z",
        "processing_status":"In Processing",
        "number_of_errors":4,
        "number_of_records":88,
        "fileType":"XLS",
        "error":"1E8PBW4yyAPFQgQEajYJERvzc7bMuhpDDt",
        "control_number":75
    },
    {
        "id":38,
        "fileName":"A.ppt",
        "arrivalTs":"2015-04-21T07:39:05Z",
        "county":"Calaveras County",
        "processing_startsTs":"2017-02-27T10:13:49Z",
        "processing_endTs":"2014-10-31T23:08:55Z",
        "processing_status":"Completed",
        "number_of_errors":2,
        "number_of_records":65,
        "fileType":"PPT",
        "error":"17iTAQVXnqL6aeCP6h84fWbfU6Lv8kujMu",
        "control_number":84
    },
    {
        "id":39,
        "fileName":"Lacus.pdf",
        "arrivalTs":"2015-01-04T10:02:50Z",
        "county":"Colusa County",
        "processing_startsTs":"2016-05-18T14:58:30Z",
        "processing_endTs":"2017-05-31T09:45:47Z",
        "processing_status":"Failed",
        "number_of_errors":1,
        "number_of_records":31,
        "fileType":"TXT",
        "error":"1CfxaNrGNXz4MtSCdp2UYa1tmhouCBgTCC",
        "control_number":20
    },
    {
        "id":40,
        "fileName":"PretiumIaculis.ppt",
        "arrivalTs":"2015-11-02T03:02:07Z",
        "county":"Contra Costa County",
        "processing_startsTs":"2015-04-24T03:10:33Z",
        "processing_endTs":"2015-12-30T09:34:04Z",
        "processing_status":"In Processing",
        "number_of_errors":1,
        "number_of_records":44,
        "fileType":"TXT",
        "error":"19E3Y46SNJVLVkQkxto54xxfZH1CVFTKRS",
        "control_number":74
    },
    {
        "id":41,
        "fileName":"AdipiscingMolestie.doc",
        "arrivalTs":"2017-03-28T03:00:44Z",
        "county":"Alameda County",
        "processing_startsTs":"2016-11-16T13:32:28Z",
        "processing_endTs":"2015-06-12T15:32:52Z",
        "processing_status":"Completed",
        "number_of_errors":5,
        "number_of_records":6,
        "fileType":"TXT",
        "error":"17tsWXM1drDCzig6GeN9aQa9QFrcuzurkH",
        "control_number":33
    },
    {
        "id":42,
        "fileName":"EuTinciduntIn.xls",
        "arrivalTs":"2016-05-09T10:50:58Z",
        "county":"Calaveras County",
        "processing_startsTs":"2017-03-12T21:40:10Z",
        "processing_endTs":"2016-12-25T05:31:17Z",
        "processing_status":"In Queue",
        "number_of_errors":0,
        "number_of_records":56,
        "fileType":"XLS",
        "error":"1DEyFG4tdGjAHNrF9fjivUjRrjupcZscbr",
        "control_number":86
    },
    {
        "id":43,
        "fileName":"Eleifend.doc",
        "arrivalTs":"2016-08-17T06:10:44Z",
        "county":"Amador County",
        "processing_startsTs":"2016-09-17T01:46:47Z",
        "processing_endTs":"2016-09-12T01:45:30Z",
        "processing_status":"In Queue",
        "number_of_errors":5,
        "number_of_records":47,
        "fileType":"XLS",
        "error":"1PNqxaghTd6ECZdUerhFTPqGaHXpuKZZU3",
        "control_number":52
    },
    {
        "id":44,
        "fileName":"NullamPorttitor.ppt",
        "arrivalTs":"2014-09-27T00:03:59Z",
        "county":"Calaveras County",
        "processing_startsTs":"2016-12-02T00:42:37Z",
        "processing_endTs":"2015-05-03T18:34:23Z",
        "processing_status":"Failed",
        "number_of_errors":4,
        "number_of_records":17,
        "fileType":"PPT",
        "error":"1MpNcqkiAiJXYj1eNrEbJfZ3SPjtNAXTXq",
        "control_number":20
    },
    {
        "id":45,
        "fileName":"Donec.xls",
        "arrivalTs":"2017-05-05T00:55:17Z",
        "county":"Butte County",
        "processing_startsTs":"2016-12-11T13:29:16Z",
        "processing_endTs":"2016-03-18T13:15:26Z",
        "processing_status":"Completed",
        "number_of_errors":1,
        "number_of_records":70,
        "fileType":"PPT",
        "error":"1521WGZt2MJrHM4VZi1LN4JxFcRGkU8UVi",
        "control_number":61
    },
    {
        "id":46,
        "fileName":"CursusId.doc",
        "arrivalTs":"2017-03-25T21:16:51Z",
        "county":"Calaveras County",
        "processing_startsTs":"2017-06-30T22:33:42Z",
        "processing_endTs":"2016-05-23T23:00:19Z",
        "processing_status":"Failed",
        "number_of_errors":1,
        "number_of_records":2,
        "fileType":"XLS",
        "error":"1J3dhBgGgM7sNBx6w9P1dhgu5fMWrtbWcy",
        "control_number":53
    },
    {
        "id":47,
        "fileName":"UrnaPretiumNisl.xls",
        "arrivalTs":"2016-06-07T07:18:16Z",
        "county":"Alameda County",
        "processing_startsTs":"2016-09-23T14:36:40Z",
        "processing_endTs":"2017-07-09T15:26:39Z",
        "processing_status":"Failed",
        "number_of_errors":4,
        "number_of_records":100,
        "fileType":"PPT",
        "error":"1P6DJWVF6r8reEv6iBefBgLDC3BWHgwVCH",
        "control_number":34
    },
    {
        "id":48,
        "fileName":"AcTellusSemper.pdf",
        "arrivalTs":"2016-01-16T07:34:10Z",
        "county":"Contra Costa County",
        "processing_startsTs":"2014-09-20T23:33:50Z",
        "processing_endTs":"2014-11-20T03:34:00Z",
        "processing_status":"Completed",
        "number_of_errors":1,
        "number_of_records":79,
        "fileType":"TXT",
        "error":"12gaNSXQfawqpK63vJdYW1tU5xY4G397HX",
        "control_number":82
    },
    {
        "id":49,
        "fileName":"SedNislNunc.doc",
        "arrivalTs":"2017-06-27T08:29:16Z",
        "county":"Alameda County",
        "processing_startsTs":"2015-09-04T20:50:13Z",
        "processing_endTs":"2015-09-14T16:04:54Z",
        "processing_status":"In Processing",
        "number_of_errors":0,
        "number_of_records":18,
        "fileType":"PPT",
        "error":"1DzoipybEJZPb2dEeL8AvT5YkzP1kcZRcY",
        "control_number":33
    },
    {
        "id":50,
        "fileName":"OrciNullamMolestie.ppt",
        "arrivalTs":"2016-12-20T21:24:47Z",
        "county":"Butte County",
        "processing_startsTs":"2016-03-05T12:46:56Z",
        "processing_endTs":"2014-11-05T22:29:44Z",
        "processing_status":"In Processing",
        "number_of_errors":1,
        "number_of_records":69,
        "fileType":"PPT",
        "error":"16qCphSXtRFhNCfUXifDX7XwuoSNrW2m1E",
        "control_number":75
    },
    {
        "id":51,
        "fileName":"EratErosViverra.xls",
        "arrivalTs":"2016-02-23T20:55:13Z",
        "county":"Alpine County",
        "processing_startsTs":"2015-02-09T14:16:42Z",
        "processing_endTs":"2016-09-15T21:49:02Z",
        "processing_status":"In Processing",
        "number_of_errors":2,
        "number_of_records":25,
        "fileType":"DOC",
        "error":"1CyMfeMLcUXbFi1ykqjB6NEWhuR6oawkUb",
        "control_number":9
    },
    {
        "id":52,
        "fileName":"InLeo.xls",
        "arrivalTs":"2015-12-15T19:02:45Z",
        "county":"Butte County",
        "processing_startsTs":"2015-05-13T09:20:55Z",
        "processing_endTs":"2017-01-14T23:27:20Z",
        "processing_status":"In Processing",
        "number_of_errors":5,
        "number_of_records":89,
        "fileType":"DOC",
        "error":"16UG4VXzC4RiNXwKj3Nj5kS6ADhUdza8cw",
        "control_number":94
    },
    {
        "id":53,
        "fileName":"SemFusceConsequat.ppt",
        "arrivalTs":"2015-05-18T13:07:06Z",
        "county":"Amador County",
        "processing_startsTs":"2015-11-14T08:44:24Z",
        "processing_endTs":"2015-03-16T22:20:15Z",
        "processing_status":"In Processing",
        "number_of_errors":3,
        "number_of_records":69,
        "fileType":"PPT",
        "error":"1FRc1HU19SqYUEtF2rBju9qjdzCXeZqVPx",
        "control_number":80
    },
    {
        "id":54,
        "fileName":"AnteVestibulum.ppt",
        "arrivalTs":"2016-05-19T17:11:58Z",
        "county":"Contra Costa County",
        "processing_startsTs":"2014-11-14T15:11:05Z",
        "processing_endTs":"2016-02-08T17:57:48Z",
        "processing_status":"Failed",
        "number_of_errors":3,
        "number_of_records":2,
        "fileType":"PPT",
        "error":"16XJYqTzF55Xz8ggHsvs9aagTsaCLuu7HR",
        "control_number":79
    },
    {
        "id":55,
        "fileName":"Tincidunt.xls",
        "arrivalTs":"2016-03-21T19:01:34Z",
        "county":"Alameda County",
        "processing_startsTs":"2015-04-11T22:51:57Z",
        "processing_endTs":"2016-12-26T21:44:20Z",
        "processing_status":"Completed",
        "number_of_errors":0,
        "number_of_records":21,
        "fileType":"PPT",
        "error":"14MARzcBdUFB9ydDg2T24tEHwX8W1ZmHno",
        "control_number":47
    },
    {
        "id":56,
        "fileName":"Sapien.xls",
        "arrivalTs":"2015-11-10T02:55:54Z",
        "county":"Amador County",
        "processing_startsTs":"2016-09-22T07:09:23Z",
        "processing_endTs":"2015-07-19T04:18:35Z",
        "processing_status":"Failed",
        "number_of_errors":4,
        "number_of_records":18,
        "fileType":"PPT",
        "error":"1CEeozbU5F8Mtu94X21TAPfVLFpm9YchSt",
        "control_number":32
    },
    {
        "id":57,
        "fileName":"Nisl.ppt",
        "arrivalTs":"2017-04-01T10:15:48Z",
        "county":"Butte County",
        "processing_startsTs":"2015-10-25T10:51:53Z",
        "processing_endTs":"2015-04-06T18:32:56Z",
        "processing_status":"Completed",
        "number_of_errors":0,
        "number_of_records":65,
        "fileType":"DOC",
        "error":"16kdPcPRXRLiTErhMZZxhrTtagw2e3uxnw",
        "control_number":7
    },
    {
        "id":58,
        "fileName":"Turpis.pdf",
        "arrivalTs":"2016-03-13T10:59:51Z",
        "county":"Calaveras County",
        "processing_startsTs":"2017-08-22T19:47:34Z",
        "processing_endTs":"2016-05-30T11:53:50Z",
        "processing_status":"Failed",
        "number_of_errors":0,
        "number_of_records":30,
        "fileType":"PPT",
        "error":"14FQGNdF54UpJgRnXtLstm9dMWzeyWNkqv",
        "control_number":33
    },
    {
        "id":59,
        "fileName":"Sed.xls",
        "arrivalTs":"2016-01-26T01:23:05Z",
        "county":"Calaveras County",
        "processing_startsTs":"2016-08-07T16:55:58Z",
        "processing_endTs":"2017-07-08T02:25:19Z",
        "processing_status":"Failed",
        "number_of_errors":1,
        "number_of_records":6,
        "fileType":"TXT",
        "error":"1P3V4o7T7MCqQ51ncpV8ZKKQuiQDk3rXUh",
        "control_number":18
    },
    {
        "id":60,
        "fileName":"Ligula.ppt",
        "arrivalTs":"2015-06-07T17:57:14Z",
        "county":"Colusa County",
        "processing_startsTs":"2014-09-29T18:09:12Z",
        "processing_endTs":"2016-08-09T00:24:58Z",
        "processing_status":"In Processing",
        "number_of_errors":4,
        "number_of_records":20,
        "fileType":"DOC",
        "error":"1KnX1bLaRqkCNw5x3FhVG7TTtQ6KP8kxim",
        "control_number":81
    },
    {
        "id":61,
        "fileName":"ConsequatInConsequat.xls",
        "arrivalTs":"2016-02-06T13:05:09Z",
        "county":"Alpine County",
        "processing_startsTs":"2015-05-02T07:29:33Z",
        "processing_endTs":"2014-12-04T19:49:07Z",
        "processing_status":"Failed",
        "number_of_errors":2,
        "number_of_records":68,
        "fileType":"DOC",
        "error":"188TrhKdEBuQTwSSm5VVuK5ioxTrwrQ6Uh",
        "control_number":93
    },
    {
        "id":62,
        "fileName":"ImperdietEt.xls",
        "arrivalTs":"2016-05-04T05:20:23Z",
        "county":"Colusa County",
        "processing_startsTs":"2016-11-25T02:11:00Z",
        "processing_endTs":"2016-11-01T21:14:10Z",
        "processing_status":"In Queue",
        "number_of_errors":5,
        "number_of_records":35,
        "fileType":"PPT",
        "error":"18srYniwW2qiP6ByhhizDk2w7uwHaLa9HT",
        "control_number":77
    },
    {
        "id":63,
        "fileName":"NonSodalesSed.ppt",
        "arrivalTs":"2016-11-06T23:00:17Z",
        "county":"Contra Costa County",
        "processing_startsTs":"2015-04-18T09:05:30Z",
        "processing_endTs":"2017-04-14T05:38:44Z",
        "processing_status":"Failed",
        "number_of_errors":3,
        "number_of_records":27,
        "fileType":"TXT",
        "error":"1DrVVRb6EmRD4pC4CghKvd8HyY6GwABybT",
        "control_number":26
    },
    {
        "id":64,
        "fileName":"EgetCongue.pdf",
        "arrivalTs":"2015-04-18T11:51:55Z",
        "county":"Contra Costa County",
        "processing_startsTs":"2015-05-21T17:38:04Z",
        "processing_endTs":"2016-07-28T13:15:58Z",
        "processing_status":"Completed",
        "number_of_errors":3,
        "number_of_records":62,
        "fileType":"TXT",
        "error":"1AS8rn32Dq49V3C7off5N1Wx5rfRFh5zfJ",
        "control_number":80
    },
    {
        "id":65,
        "fileName":"Ligula.ppt",
        "arrivalTs":"2016-05-04T21:20:24Z",
        "county":"Butte County",
        "processing_startsTs":"2015-08-15T08:55:21Z",
        "processing_endTs":"2016-09-17T17:16:54Z",
        "processing_status":"In Processing",
        "number_of_errors":4,
        "number_of_records":14,
        "fileType":"PPT",
        "error":"15oj4c1aiNSWk95ZWP5dPEvQUZKyZ8ECUL",
        "control_number":83
    },
    {
        "id":66,
        "fileName":"Felis.xls",
        "arrivalTs":"2016-12-18T03:18:35Z",
        "county":"Colusa County",
        "processing_startsTs":"2016-08-23T09:31:17Z",
        "processing_endTs":"2016-04-06T19:49:11Z",
        "processing_status":"In Queue",
        "number_of_errors":3,
        "number_of_records":45,
        "fileType":"PPT",
        "error":"1F1XvGKRQFxbyfffPJAM3xhUmU96aopa3y",
        "control_number":87
    },
    {
        "id":67,
        "fileName":"Vulputate.ppt",
        "arrivalTs":"2016-01-16T18:58:50Z",
        "county":"Colusa County",
        "processing_startsTs":"2015-08-28T09:46:48Z",
        "processing_endTs":"2016-08-22T20:12:10Z",
        "processing_status":"Completed",
        "number_of_errors":5,
        "number_of_records":51,
        "fileType":"XLS",
        "error":"1G3bsnxCAHsivnEspuCjBBMmrAdaEuoLi1",
        "control_number":10
    },
    {
        "id":68,
        "fileName":"InTempor.doc",
        "arrivalTs":"2015-04-15T00:18:54Z",
        "county":"Colusa County",
        "processing_startsTs":"2017-04-26T10:56:14Z",
        "processing_endTs":"2016-01-25T23:52:55Z",
        "processing_status":"In Processing",
        "number_of_errors":0,
        "number_of_records":4,
        "fileType":"PPT",
        "error":"1FVMFzYF34nib7wvWmmi9jihbNoeqG7DyA",
        "control_number":42
    },
    {
        "id":69,
        "fileName":"CubiliaCurae.xls",
        "arrivalTs":"2017-08-14T11:02:47Z",
        "county":"Calaveras County",
        "processing_startsTs":"2014-12-29T15:05:21Z",
        "processing_endTs":"2016-10-12T11:47:39Z",
        "processing_status":"In Queue",
        "number_of_errors":2,
        "number_of_records":51,
        "fileType":"XLS",
        "error":"1BvMR24g1u3ZtHETEURststRNSaygYFdYm",
        "control_number":79
    },
    {
        "id":70,
        "fileName":"ErosVestibulum.ppt",
        "arrivalTs":"2015-12-11T23:32:44Z",
        "county":"Contra Costa County",
        "processing_startsTs":"2014-11-02T07:06:50Z",
        "processing_endTs":"2015-11-06T00:42:32Z",
        "processing_status":"In Processing",
        "number_of_errors":2,
        "number_of_records":85,
        "fileType":"PPT",
        "error":"18CuUsXEJKxYqFv1JCp6wSs4A2EZ1Mq1Hn",
        "control_number":25
    },
    {
        "id":71,
        "fileName":"ScelerisqueQuamTurpis.ppt",
        "arrivalTs":"2015-12-07T23:32:49Z",
        "county":"Calaveras County",
        "processing_startsTs":"2014-11-11T01:56:29Z",
        "processing_endTs":"2017-02-17T15:07:34Z",
        "processing_status":"Completed",
        "number_of_errors":4,
        "number_of_records":68,
        "fileType":"PPT",
        "error":"14gFoQQ3MpfGz471Kdm8pNHRJSupAU7iHo",
        "control_number":66
    },
    {
        "id":72,
        "fileName":"EstRisusAuctor.doc",
        "arrivalTs":"2014-10-18T02:11:07Z",
        "county":"Butte County",
        "processing_startsTs":"2015-08-08T22:34:57Z",
        "processing_endTs":"2014-10-31T03:27:13Z",
        "processing_status":"In Queue",
        "number_of_errors":3,
        "number_of_records":75,
        "fileType":"PPT",
        "error":"1F4yXrzeQqWm5QmChVzcktNCZ5S4SzsSed",
        "control_number":7
    },
    {
        "id":73,
        "fileName":"LiberoNullamSit.pdf",
        "arrivalTs":"2017-03-05T07:50:45Z",
        "county":"Amador County",
        "processing_startsTs":"2017-03-07T14:51:01Z",
        "processing_endTs":"2015-11-03T11:52:38Z",
        "processing_status":"Failed",
        "number_of_errors":2,
        "number_of_records":28,
        "fileType":"TXT",
        "error":"1K1Jk2itowg8o9ENjzapSDwkhYrQNi3owS",
        "control_number":6
    },
    {
        "id":74,
        "fileName":"BlanditMiIn.doc",
        "arrivalTs":"2017-01-03T23:55:33Z",
        "county":"Calaveras County",
        "processing_startsTs":"2016-08-01T19:04:57Z",
        "processing_endTs":"2016-10-21T09:51:16Z",
        "processing_status":"In Queue",
        "number_of_errors":5,
        "number_of_records":50,
        "fileType":"TXT",
        "error":"13N9gJ12dUGXkWit58JfyJiDm9Jpa5WpG1",
        "control_number":79
    },
    {
        "id":75,
        "fileName":"NamCongue.doc",
        "arrivalTs":"2016-12-25T20:32:09Z",
        "county":"Butte County",
        "processing_startsTs":"2016-08-31T16:22:33Z",
        "processing_endTs":"2016-10-12T12:56:53Z",
        "processing_status":"In Queue",
        "number_of_errors":1,
        "number_of_records":16,
        "fileType":"DOC",
        "error":"121sXwmLv1Vii9PdxJXk5oco1Vn8R7Gn11",
        "control_number":83
    },
    {
        "id":76,
        "fileName":"ScelerisqueMaurisSit.ppt",
        "arrivalTs":"2016-01-12T14:16:27Z",
        "county":"Colusa County",
        "processing_startsTs":"2015-06-30T22:17:28Z",
        "processing_endTs":"2014-09-26T07:14:41Z",
        "processing_status":"Completed",
        "number_of_errors":1,
        "number_of_records":90,
        "fileType":"PPT",
        "error":"15tJwwgCGYiMBiQbVVcRh7vaWcYv4HWyET",
        "control_number":38
    },
    {
        "id":77,
        "fileName":"DiamNeque.xls",
        "arrivalTs":"2016-02-12T01:47:20Z",
        "county":"Calaveras County",
        "processing_startsTs":"2014-12-18T23:57:21Z",
        "processing_endTs":"2015-08-29T13:40:07Z",
        "processing_status":"In Processing",
        "number_of_errors":0,
        "number_of_records":62,
        "fileType":"PPT",
        "error":"1LEzZCtj2AvztjYTTshqetFJFXSi9rGAvV",
        "control_number":83
    },
    {
        "id":78,
        "fileName":"VestibulumVelit.xls",
        "arrivalTs":"2015-06-23T20:18:49Z",
        "county":"Amador County",
        "processing_startsTs":"2015-03-17T19:13:18Z",
        "processing_endTs":"2014-11-22T22:27:14Z",
        "processing_status":"In Processing",
        "number_of_errors":2,
        "number_of_records":25,
        "fileType":"XLS",
        "error":"1iLxejbpuaUCWKV3tmd88CNndkmMHpNC6",
        "control_number":53
    },
    {
        "id":79,
        "fileName":"Ut.pdf",
        "arrivalTs":"2017-06-28T01:29:36Z",
        "county":"Colusa County",
        "processing_startsTs":"2015-12-20T23:27:27Z",
        "processing_endTs":"2015-11-14T21:09:41Z",
        "processing_status":"In Queue",
        "number_of_errors":2,
        "number_of_records":40,
        "fileType":"DOC",
        "error":"17yVWundu4PgMhJCZFc7tmHKvgDiQAWUdH",
        "control_number":52
    },
    {
        "id":80,
        "fileName":"VivamusIn.xls",
        "arrivalTs":"2017-02-23T20:02:36Z",
        "county":"Amador County",
        "processing_startsTs":"2016-06-04T05:16:08Z",
        "processing_endTs":"2016-06-19T10:14:12Z",
        "processing_status":"Failed",
        "number_of_errors":5,
        "number_of_records":44,
        "fileType":"XLS",
        "error":"1NsXQsWmehFPHtQCDPu3WzfuCBH8zaCUJN",
        "control_number":62
    },
    {
        "id":81,
        "fileName":"MaurisLaoreetUt.ppt",
        "arrivalTs":"2014-12-14T11:34:44Z",
        "county":"Colusa County",
        "processing_startsTs":"2016-10-06T05:56:32Z",
        "processing_endTs":"2015-10-27T00:26:44Z",
        "processing_status":"Failed",
        "number_of_errors":1,
        "number_of_records":15,
        "fileType":"TXT",
        "error":"1Ng3fV9FZ4CV8fTf97ozooK4gBYskvZbUb",
        "control_number":68
    },
    {
        "id":82,
        "fileName":"Sapien.xls",
        "arrivalTs":"2017-04-28T22:06:56Z",
        "county":"Amador County",
        "processing_startsTs":"2016-04-17T14:36:38Z",
        "processing_endTs":"2015-11-09T09:12:19Z",
        "processing_status":"Failed",
        "number_of_errors":5,
        "number_of_records":81,
        "fileType":"PPT",
        "error":"1FoV3ecZE6H1n3kw8tf7QNbVXwGZUfktFQ",
        "control_number":89
    },
    {
        "id":83,
        "fileName":"NamDuiProin.xls",
        "arrivalTs":"2015-03-21T17:55:54Z",
        "county":"Amador County",
        "processing_startsTs":"2016-07-03T16:31:57Z",
        "processing_endTs":"2015-05-25T22:21:40Z",
        "processing_status":"Failed",
        "number_of_errors":3,
        "number_of_records":38,
        "fileType":"DOC",
        "error":"1NmE7eJeXDawaLfxVNRsNo8c6BzFhQLAzc",
        "control_number":59
    },
    {
        "id":84,
        "fileName":"IpsumAliquamNon.xls",
        "arrivalTs":"2017-08-10T07:38:40Z",
        "county":"Colusa County",
        "processing_startsTs":"2015-05-21T17:31:04Z",
        "processing_endTs":"2016-02-09T09:20:49Z",
        "processing_status":"In Queue",
        "number_of_errors":2,
        "number_of_records":7,
        "fileType":"PPT",
        "error":"1JhNxCgssDZNHwgrt9ne3YvFqzJgQ3Uu5G",
        "control_number":6
    },
    {
        "id":85,
        "fileName":"OrnareImperdiet.ppt",
        "arrivalTs":"2015-08-04T08:57:30Z",
        "county":"Alpine County",
        "processing_startsTs":"2015-05-10T05:03:52Z",
        "processing_endTs":"2015-06-08T06:29:34Z",
        "processing_status":"Completed",
        "number_of_errors":1,
        "number_of_records":74,
        "fileType":"TXT",
        "error":"19UZwFfy5HPQdWLMmekiYR3FSFL4n3bjFL",
        "control_number":14
    },
    {
        "id":86,
        "fileName":"SitAmet.doc",
        "arrivalTs":"2014-10-11T07:38:27Z",
        "county":"Contra Costa County",
        "processing_startsTs":"2015-10-27T05:58:43Z",
        "processing_endTs":"2016-05-09T15:55:15Z",
        "processing_status":"In Processing",
        "number_of_errors":2,
        "number_of_records":11,
        "fileType":"XLS",
        "error":"1KfB769aSv4i6mrRpC71Ty3XBhjwHjfsXZ",
        "control_number":86
    },
    {
        "id":87,
        "fileName":"Porta.xls",
        "arrivalTs":"2017-06-04T12:11:45Z",
        "county":"Alpine County",
        "processing_startsTs":"2014-10-07T11:36:17Z",
        "processing_endTs":"2016-02-10T13:16:18Z",
        "processing_status":"Completed",
        "number_of_errors":4,
        "number_of_records":74,
        "fileType":"XLS",
        "error":"1GB1m4oxoFWbADBFzHhTJxNW1HnhqQTypb",
        "control_number":9
    },
    {
        "id":88,
        "fileName":"QuisOrci.ppt",
        "arrivalTs":"2014-09-25T02:03:19Z",
        "county":"Calaveras County",
        "processing_startsTs":"2015-10-11T01:07:05Z",
        "processing_endTs":"2015-02-23T21:18:00Z",
        "processing_status":"Completed",
        "number_of_errors":3,
        "number_of_records":12,
        "fileType":"PPT",
        "error":"1Ny9SrrqHKwZDjkRVnjwEismXzTtPAxied",
        "control_number":87
    },
    {
        "id":89,
        "fileName":"SuscipitA.xls",
        "arrivalTs":"2016-08-16T11:03:37Z",
        "county":"Contra Costa County",
        "processing_startsTs":"2016-09-26T19:26:20Z",
        "processing_endTs":"2017-03-07T02:32:03Z",
        "processing_status":"In Queue",
        "number_of_errors":3,
        "number_of_records":46,
        "fileType":"PPT",
        "error":"1P9nPcWJ1LzKN2Yd6hx4j9HGqVDaQTLW4S",
        "control_number":24
    },
    {
        "id":90,
        "fileName":"Diam.doc",
        "arrivalTs":"2017-06-19T13:17:12Z",
        "county":"Alameda County",
        "processing_startsTs":"2016-04-28T09:32:49Z",
        "processing_endTs":"2016-07-02T10:48:51Z",
        "processing_status":"In Processing",
        "number_of_errors":5,
        "number_of_records":55,
        "fileType":"XLS",
        "error":"1JbcR2U5Pn3r7LeWFSyDT4RPwsNG7R72uQ",
        "control_number":96
    },
    {
        "id":91,
        "fileName":"NullaNequeLibero.xls",
        "arrivalTs":"2016-11-29T22:49:19Z",
        "county":"Calaveras County",
        "processing_startsTs":"2015-05-14T06:51:37Z",
        "processing_endTs":"2015-01-18T23:34:02Z",
        "processing_status":"Completed",
        "number_of_errors":1,
        "number_of_records":85,
        "fileType":"PPT",
        "error":"1JACsMfasNE7HrzgrJ9dZkREPhDdfSqoMe",
        "control_number":70
    },
    {
        "id":92,
        "fileName":"InSapienIaculis.ppt",
        "arrivalTs":"2015-08-14T02:29:08Z",
        "county":"Alameda County",
        "processing_startsTs":"2015-06-28T04:27:52Z",
        "processing_endTs":"2015-11-05T18:13:53Z",
        "processing_status":"Failed",
        "number_of_errors":5,
        "number_of_records":31,
        "fileType":"DOC",
        "error":"1LKNKzjtdZucSECzyPmkpvri3PuHQwUcgc",
        "control_number":20
    },
    {
        "id":93,
        "fileName":"Leo.ppt",
        "arrivalTs":"2014-11-30T06:39:02Z",
        "county":"Alpine County",
        "processing_startsTs":"2016-09-28T23:25:19Z",
        "processing_endTs":"2017-05-06T15:10:19Z",
        "processing_status":"Completed",
        "number_of_errors":3,
        "number_of_records":11,
        "fileType":"DOC",
        "error":"1JpyuLpM51bVNehcdFUWddUpLev9oH2ZnQ",
        "control_number":56
    },
    {
        "id":94,
        "fileName":"IdNullaUltrices.xls",
        "arrivalTs":"2016-04-16T15:50:37Z",
        "county":"Calaveras County",
        "processing_startsTs":"2016-10-19T15:25:11Z",
        "processing_endTs":"2017-07-05T10:40:24Z",
        "processing_status":"Completed",
        "number_of_errors":3,
        "number_of_records":84,
        "fileType":"PPT",
        "error":"1HaCxybVdgiw2aSpHFmN6iGhGyvjZ35ggB",
        "control_number":72
    },
    {
        "id":95,
        "fileName":"PosuereMetusVitae.pdf",
        "arrivalTs":"2016-02-11T17:36:27Z",
        "county":"Amador County",
        "processing_startsTs":"2016-06-18T12:38:47Z",
        "processing_endTs":"2015-09-21T02:45:52Z",
        "processing_status":"In Processing",
        "number_of_errors":5,
        "number_of_records":54,
        "fileType":"DOC",
        "error":"19RyvTHP8CxXmFUx6QZAQZFidMw4pxrRHb",
        "control_number":44
    },
    {
        "id":96,
        "fileName":"Sagittis.ppt",
        "arrivalTs":"2017-08-13T07:22:58Z",
        "county":"Calaveras County",
        "processing_startsTs":"2015-04-18T14:02:25Z",
        "processing_endTs":"2015-10-30T22:26:07Z",
        "processing_status":"Failed",
        "number_of_errors":1,
        "number_of_records":67,
        "fileType":"PPT",
        "error":"1JvAcuASwYp8tVddkx8AewEhmaZRMszowk",
        "control_number":90
    },
    {
        "id":97,
        "fileName":"UtVolutpatSapien.xls",
        "arrivalTs":"2015-12-25T19:41:05Z",
        "county":"Alpine County",
        "processing_startsTs":"2016-11-17T23:22:28Z",
        "processing_endTs":"2016-09-08T14:42:50Z",
        "processing_status":"Completed",
        "number_of_errors":1,
        "number_of_records":93,
        "fileType":"DOC",
        "error":"1EtPSaRkRyiyatnekf4DDbEWH197snNytx",
        "control_number":27
    },
    {
        "id":98,
        "fileName":"QuamA.xls",
        "arrivalTs":"2014-10-01T15:39:33Z",
        "county":"Contra Costa County",
        "processing_startsTs":"2015-08-24T01:28:25Z",
        "processing_endTs":"2014-12-17T16:07:53Z",
        "processing_status":"In Processing",
        "number_of_errors":3,
        "number_of_records":60,
        "fileType":"XLS",
        "error":"15z3GNYeEwJqNHV4dK5Ah2Y6cWcefpkfwq",
        "control_number":84
    },
    {
        "id":99,
        "fileName":"Neque.xls",
        "arrivalTs":"2016-08-27T12:01:20Z",
        "county":"Contra Costa County",
        "processing_startsTs":"2017-05-17T20:27:40Z",
        "processing_endTs":"2016-06-23T11:34:03Z",
        "processing_status":"Completed",
        "number_of_errors":5,
        "number_of_records":32,
        "fileType":"TXT",
        "error":"16MaFdZMyfHddnVuueUzHnHtEUK4QqPmVY",
        "control_number":52
    },
    {
        "id":100,
        "fileName":"Donec.ppt",
        "arrivalTs":"2014-10-16T14:43:02Z",
        "county":"Calaveras County",
        "processing_startsTs":"2017-06-23T06:37:43Z",
        "processing_endTs":"2017-08-22T16:44:30Z",
        "processing_status":"Completed",
        "number_of_errors":5,
        "number_of_records":7,
        "fileType":"PPT",
        "error":"1CjcNZh3nhZEuFEMuKyW1r4LdhotA7fAa6",
        "control_number":13}]