{
    "locations": [
 
        {
            "stLocationName": "City Hall",
            "latitude": 40.713484,
            "longitude": -74.006739,
            "stSurcharge": "3.00",
            "stMaxLimit": "$200 Max Withdrawal",
            "stAddress1": "Address 1",
            "stAddress2": "Address 2",
            "stAddress3": "Address 3"
        },
        {
            "stLocationName": "Brooklyn Bridge",
            "latitude": 40.712801,
            "longitude": -74.004936,
            "stSurcharge": "1.00",
            "stMaxLimit": "$250 Max Withdrawal",
            "stAddress1": "Address 1",
            "stAddress2": "Address 2",
            "stAddress3": "Address 3"
        },
        {
            "stLocationName": "NYPD",
            "latitude": 40.712199,
            "longitude": -74.001675,
            "stSurcharge": "3.20",
            "stMaxLimit": "$100 Max Withdrawal",
            "stAddress1": "Address 1",
            "stAddress2": "Address 2",
            "stAddress3": "Address 3"
        },
        {
            "stLocationName": "The Woolworth Building",
            "latitude": 40.712443,
            "longitude": -74.008369,
            "stSurcharge": "3.20",
            "stMaxLimit": "$250 Max Withdrawal",
            "stAddress1": "Address 1",
            "stAddress2": "Address 2",
            "stAddress3": "Address 3"
        },
        {
            "stLocationName": "Foley Square",
            "latitude": 40.714541,
            "longitude": -74.003091,
            "stSurcharge": "2.20",
            "stMaxLimit": "$400 Max Withdrawal",
            "stAddress1": "Address 1",
            "stAddress2": "Address 2",
            "stAddress3": "Address 3"
        },
        {
            "stLocationName": "Sazon",
            "latitude": 40.715631,
            "longitude": -74.008498,
            "stSurcharge": "0.20",
            "stMaxLimit": "$300 Max Withdrawal",
            "stAddress1": "Address 1",
            "stAddress2": "Address 2",
            "stAddress3": "Address 3"
        },
        {
            "stLocationName": "Southbridge Towers",
            "latitude": 40.709206,
            "longitude": -74.003434,
            "stSurcharge": "1.20",
            "stMaxLimit": "$1000 Max Withdrawal",
            "stAddress1": "Address 1",
            "stAddress2": "Address 2",
            "stAddress3": "Address 3"
        },
        {
            "stLocationName": "Wall St",
            "latitude": 40.707612,
            "longitude": -74.011996,
            "stSurcharge": "1.20",
            "stMaxLimit": "$100 Max Withdrawal",
            "stAddress1": "Address 1",
            "stAddress2": "Address 2",
            "stAddress3": "Address 3"
        },
        {
            "stLocationName": "Tribeca Grill",
            "latitude": 40.719518,
            "longitude": -74.009807,
            "stSurcharge": "2.20",
            "stMaxLimit": "$500 Max Withdrawal",
            "stAddress1": "Address 1",
            "stAddress2": "Address 2",
            "stAddress3": "Address 3"
        }, 
        {
            "stLocationName": "Pfister Hotel",
            "latitude": 43.039270,
            "longitude": -87.905645,
            "stSurcharge": "1.20",
            "stMaxLimit": "$100 Max Withdrawal",
            "stAddress1": "Address 1",
            "stAddress2": "Address 2",
            "stAddress3": "Address 3"
        },        
        {
            "stLocationName": "Safe House",
            "latitude": 43.040587,
            "longitude": -87.910259,
            "stSurcharge": "1.20",
            "stMaxLimit": "$500 Max Withdrawal",
            "stAddress1": "Address 1",
            "stAddress2": "Address 2",
            "stAddress3": "Address 3"
        },        
        {
            "stLocationName": "Harbor House",
            "latitude": 43.037717,
            "longitude": -87.895195,
            "stSurcharge": "3.00",
            "stMaxLimit": "$1000 Max Withdrawal",
            "stAddress1": "Address 1",
            "stAddress2": "Address 2",
            "stAddress3": "Address 3"
        },                     
        {
            "stLocationName": "First Bank Financial Center",
            "latitude": 43.038968,
            "longitude": -87.906324,
            "stSurcharge": "2.20",
            "stMaxLimit": "$300 Max Withdrawal",
            "stAddress1": "Address 1",
            "stAddress2": "Address 2",
            "stAddress3": "Address 3"
        },        
        {
            "stLocationName": "Bank Mutual",
            "latitude": 43.039001,
            "longitude": -87.904886,
            "stSurcharge": "4.00",
            "stMaxLimit": "$500 Max Withdrawal",
            "stAddress1": "Address 1",
            "stAddress2": "Address 2",
            "stAddress3": "Address 3"
        }
    ]
}