[
  {
    "date": "1 May",
    "desc": "description 01 USA ebt04",
    "link": "link"
  },
  {
    "date": "2 May",
    "desc": "description 02 USA ebt04",
    "link": "link"
  },
  {
    "date": "3 May",
    "desc": "description 03 USA ebt04",
    "link": "link"
  },
  {
    "date": "4 May",
    "desc": "description 04 USA ebt04",
    "link": "link"
  },
  {
    "date": "5 May",
    "desc": "description 05 USA ebt04",
    "link": "link"
  },
  {
    "date": "6 May",
    "desc": "description 06 USA ebt04",
    "link": "link"
  }  {
    "date": "7 May",
    "desc": "description 07 USA ebt04",
    "link": "link"
  },
  {
    "date": "8 May",
    "desc": "description 08 USA ebt04",
    "link": "link"
  },
  {
    "date": "9 May",
    "desc": "description 09 USA ebt04",
    "link": "link"
  },
  {
    "date": "10 May",
    "desc": "description 10 USA ebt04",
    "link": "link"
  },
  {
    "date": "11 May",
    "desc": "description 11 USA ebt04",
    "link": "link"
  },
  {
    "date": "12 May",
    "desc": "description 12 USA ebt04",
    "link": "link"
  },
  {
    "date": "13 May",
    "desc": "description 13 USA ebt04",
    "link": "link"
  }
]